Q2,New_Column,Original_Column,N,Mean,SD,Median,Min,Max
影響力發展,Q4,我在 誠致 的總工作年資,5,1.8,1.2041594578792296,2.5,0.5,3
影響力發展,Q5,我在加入 誠致「前」的工作年資,5,1.7,2.0493901531919194,1.5,0,5
影響力發展,Q6,我當初選擇加入誠致的原因 [期待自己能實際參與改變教育],5,3.4,0.8944271909999159,4,2,4
影響力發展,Q7,我當初選擇加入誠致的原因 [能跟過去經驗有所連結],5,3.4,0.5477225575051661,3,3,4
影響力發展,Q8,我當初選擇加入誠致的原因 [彈性自主的工作環境（彈性工時、工作地點）],5,2.2,1.0954451150103321,2,1,4
影響力發展,Q9,我當初選擇加入誠致的原因 [能嘗試跨域專案，累積多元歷練],5,2.8,0.8366600265340756,3,2,4
影響力發展,Q10,我當初選擇加入誠致的原因 [認同組織核心價值與文化],5,3.4,0.5477225575051661,3,3,4
影響力發展,Q11,我當初選擇加入誠致的原因 [尋求理念一致的夥伴],5,2.8,1.0954451150103321,3,1,4
影響力發展,Q12,我當初選擇加入誠致的原因 [薪資福利],5,2.4,0.8944271909999159,3,1,3
影響力發展,Q15,我認同 KIST 的願景：給孩子公平發展天賦的舞台,5,4,0,4,4,4
影響力發展,Q16,我理解且認同以下的 KIST 核心價值 [當責態度（當責始終在我／遇到問題，不究責諉過，致力於找出更好的方法／持續對學生、家人與同事做出重要承諾）],5,3.8,0.44721359549995793,4,3,4
影響力發展,Q17,我理解且認同以下的 KIST 核心價值 [成長心態（所有人都可以並願意學習／持續致力於成為更好的人／挫敗是寶藏，淘洗出金塊來）],5,4,0,4,4,4
影響力發展,Q18,我理解且認同以下的 KIST 核心價值 [團隊協作（發揮打群架的精神／KIST 是團隊、也是家人／透過協作創新、用全村力量辦學）],5,3.8,0.44721359549995793,4,3,4
影響力發展,Q19,我理解且認同以下的 KIST 核心價值 [誠信正直（用愛心說真話／秉持當事人原則／以學生最佳利益為中心的決策／以身作則，說的等於做的）],5,3.8,0.44721359549995793,4,3,4
影響力發展,Q20,我理解且認同以下的 KIST 核心價值 [多元包容（差異是力量的來源／積極傾聽、善意溝通／公平、多元、包容、創造幸福）],5,3.8,0.44721359549995793,4,3,4
影響力發展,Q21,我理解且認同以下的 KIST 核心價值 [健康幸福（健康第一、家庭第二、樂在工作／時時保持情緒與心理的更新／從工作中產生意義與樂趣）],5,4,0,4,4,4
影響力發展,Q22,我有具體實踐以下的 KIST 核心價值 [當責態度（當責始終在我／遇到問題，不究責諉過，致力於找出更好的方法／持續對學生、家人與同事做出重要承諾）],5,3.2,0.8366600265340756,3,2,4
影響力發展,Q23,我有具體實踐以下的 KIST 核心價值 [成長心態（所有人都可以並願意學習／持續致力於成為更好的人／挫敗是寶藏，淘洗出金塊來）],5,2.8,1.0954451150103321,3,1,4
影響力發展,Q24,我有具體實踐以下的 KIST 核心價值 [團隊協作（發揮打群架的精神／KIST 是團隊、也是家人／透過協作創新、用全村力量辦學）],5,3,0,3,3,3
影響力發展,Q25,我有具體實踐以下的 KIST 核心價值 [誠信正直（用愛心說真話／秉持當事人原則／以學生最佳利益為中心的決策／以身作則，說的等於做的）],5,3.2,0.44721359549995793,3,3,4
影響力發展,Q26,我有具體實踐以下的 KIST 核心價值 [多元包容（差異是力量的來源／積極傾聽、善意溝通／公平、多元、包容、創造幸福）],5,3.2,0.8366600265340756,3,2,4
影響力發展,Q27,我有具體實踐以下的 KIST 核心價值 [健康幸福（健康第一、家庭第二、樂在工作／時時保持情緒與心理的更新／從工作中產生意義與樂趣）],5,3.2,0.44721359549995787,3,3,4
影響力發展,Q28,我理解以下 KIST 教學特色 [嚴謹教學循環（SEAMS）],5,2.2,1.0954451150103321,2,1,4
影響力發展,Q29,我理解以下 KIST 教學特色 [卓越教學架構],5,1.6,0.5477225575051661,2,1,2
影響力發展,Q30,我理解以下 KIST 教學特色 [社交與情緒學習 SEL],5,3.6,0.5477225575051661,4,3,4
影響力發展,Q31,我理解以下 KIST 教學特色 [品格鍛鍊],5,3.4,0.8944271909999159,4,2,4
影響力發展,Q32,我理解以下 KIST 教學特色 [個人化學習],5,3,0.7071067811865476,3,2,4
影響力發展,Q33,我理解以下 KIST 教學特色 [文化相關教育學 CRP],5,2.2,1.3038404810405297,2,1,4
影響力發展,Q34,我理解以下 KIST 教學特色 [專題與探究學習 PBL],5,3.4,0.5477225575051661,3,3,4
影響力發展,Q35,我理解以下 KIST 教學特色 [永續發展目標 SDGs],5,2.8,1.3038404810405297,3,1,4
影響力發展,Q36,在我的工作場域，我們的語言與行動都有清楚回應 聯盟 的願景與發展目標,5,2.8,0.44721359549995793,3,2,3
影響力發展,Q37,在我的工作場域，我們會為聯盟的願景與目標全力以赴,5,3.2,0.44721359549995787,3,3,4
影響力發展,Q38,KIST 聯盟中有我視為導師的人,5,2.8,0.44721359549995787,3,2,3
影響力發展,Q39,我對身為 KIST 聯盟的一員感到驕傲,5,3.2,0.44721359549995793,3,3,4
影響力發展,Q40,我會向合適的人才推薦 KIST 聯盟,5,3.2,0.8366600265340756,3,2,4
影響力發展,Q41,整體而言，我對於與 KIST 聯盟協作感到滿意,5,2.6,1.140175425099138,3,1,4
影響力發展,Q46,我認同 組織 的使命願景：關懷弱勢，科學救國,3,3.6666666666666665,0.5773502691896258,4,3,4
影響力發展,Q47,在我的工作場域，我們的語言與行動都有清楚回應 組織 的願景與發展目標,5,2.8,0.8366600265340756,3,2,4
影響力發展,Q48,我瞭解組織的相關動態（例如：重要活動日期、重大消息...等）,5,3.4,0.8944271909999159,4,2,4
影響力發展,Q49,我清楚我的工作目標，以及組織對我工作成果的期望,5,3,1,3,2,4
影響力發展,Q50,我理解我的工作與組織目標的關聯性,5,3.4,0.5477225575051661,3,3,4
影響力發展,Q51,我擁有做好我工作所需要的資源（包含：資料、資訊、設備...),5,2.8,0.44721359549995793,3,2,3
影響力發展,Q52,在工作中，我有足夠的學習機會或資源，提升我工作所需的知識與技能,5,2.6,0.5477225575051661,3,2,3
影響力發展,Q53,組織目前的協作方式或政策，能有效促進溝通效率和合作品質,5,2.8,0.44721359549995787,3,2,3
影響力發展,Q54,當我在組織與不同夥伴或組別合作時，過程是順暢的,5,3.2,0.44721359549995793,3,3,4
影響力發展,Q55,在工作中，我覺得我的意見受到重視,5,3.4,0.8944271909999159,4,2,4
影響力發展,Q56,工作遇到問題時，我知道如何從內部尋求諮詢與取得資源協助,5,3.2,0.8366600265340756,3,2,4
影響力發展,Q57,我能在工作中建立有意義的人際關係,5,4,0,4,4,4
影響力發展,Q58,針對我的工作表現，我可以收到實用且及時的回饋,5,3.4,0.8944271909999159,4,2,4
影響力發展,Q59,我的工作表現出色時，會收到正面肯定與回饋,5,3.6,0.5477225575051661,4,3,4
影響力發展,Q60,組織中有關心我身心狀態與幸福感的人,5,4,0,4,4,4
影響力發展,Q61,對於與我個人或我工作攸關的決策中，我有機會理解決策的原委,5,3.2,0.44721359549995793,3,3,4
影響力發展,Q62,我對組織的領導團隊有信心,5,3.2,0.8366600265340756,3,2,4
影響力發展,Q63,我可以安心地和領導團隊溝通我的建議和想法（用愛心說真話）,5,2.8,0.8366600265340756,3,2,4
影響力發展,Q64,組織夥伴會為組織的願景與目標全力以赴,5,3.4,0.5477225575051661,3,3,4
影響力發展,Q65,當環境或工作進展出現超出預期的變化時，我們能夠快速做出有效的回應，包含決策和行動的調整,5,3.2,0.44721359549995787,3,3,4
影響力發展,Q66,我們在決策與執行的過程中，能充分納入內外部利害關係人的觀點,5,3.4,0.5477225575051661,3,3,4
影響力發展,Q67,就算不一定會成功，我們仍被鼓勵持續突破與創新,5,3.8,0.44721359549995793,4,3,4
影響力發展,Q68,在嘗試後如果結果不如預期，我們很可能會受到責難或處罰,5,1.6,0.5477225575051661,2,1,2
影響力發展,Q69,我們總是可以從失敗的經驗中學習,5,3.4,0.5477225575051661,3,3,4
影響力發展,Q74,誠致 所提供的 [培育與激勵] 資源，對我職場體驗的幫助程度是： [個人發展藍圖（職涯發展藍圖）],2,2,0,2,2,2
影響力發展,Q75,誠致 所提供的 [培育與激勵] 資源，對我職場體驗的幫助程度是： [IDP & O3],5,3.4,0.5477225575051661,3,3,4
影響力發展,Q76,誠致 所提供的 [培育與激勵] 資源，對我職場體驗的幫助程度是： [增能課程],5,3.2,0.44721359549995787,3,3,4
影響力發展,Q77,誠致 所提供的 [培育與激勵] 資源，對我職場體驗的幫助程度是： [小後台圍圈],3,3.6666666666666665,0.5773502691896258,4,3,4
影響力發展,Q78,誠致 所提供的 [培育與激勵] 資源，對我職場體驗的幫助程度是： [相揪 KI 運動],4,4,0,4,4,4
影響力發展,Q79,誠致 所提供的 [培育與激勵] 資源，對我職場體驗的幫助程度是： [動滋券],3,4,0,4,4,4
影響力發展,Q80,誠致 所提供的 [培育與激勵] 資源，對我職場體驗的幫助程度是： [專業成長券],3,4,0,4,4,4
影響力發展,Q81,誠致 所提供的 [培育與激勵] 資源，對我職場體驗的幫助程度是： [健康檢查],2,4,0,4,4,4
影響力發展,Q82,誠致 所提供的 [培育與激勵] 資源，對我職場體驗的幫助程度是： [諮商補助],2,4,0,4,4,4
影響力發展,Q84,我覺得我的工作是有意義的,5,3.8,0.44721359549995793,4,3,4
影響力發展,Q85,我覺得我在工作中持續成長,5,4,0,4,4,4
影響力發展,Q86,我覺得在目前工作上，成長最多的能力是？ [問題解決],5,3.4,0.5477225575051661,3,3,4
影響力發展,Q87,我覺得在目前工作上，成長最多的能力是？ [分析與策略思維],5,3.4,0.8944271909999159,4,2,4
影響力發展,Q88,我覺得在目前工作上，成長最多的能力是？ [專案與資源管理],5,4,0,4,4,4
影響力發展,Q89,我覺得在目前工作上，成長最多的能力是？ [自我覺察與自我成長],5,3.6,0.5477225575051661,4,3,4
影響力發展,Q90,我覺得在目前工作上，成長最多的能力是？ [發展與輔導他人],5,3,0,3,3,3
影響力發展,Q91,我覺得在目前工作上，成長最多的能力是？ [溝通／引導],5,3.6,0.5477225575051661,4,3,4
影響力發展,Q92,我覺得在目前工作上，成長最多的能力是？ [會議管理],5,3,0.7071067811865476,3,2,4
影響力發展,Q93,我覺得在目前工作上，成長最多的能力是？ [數據分析],5,2.2,1.0954451150103321,2,1,4
影響力發展,Q94,我覺得在目前工作上，成長最多的能力是？ [體驗設計],5,2.8,0.8366600265340756,3,2,4
影響力發展,Q96,組織內有我視為導師的人,5,3.4,0.5477225575051661,3,3,4
影響力發展,Q97,目前的職涯發展機會對我有吸引力,5,2.2,1.0954451150103321,3,1,3
影響力發展,Q98,目前的薪資福利，能鼓勵我發揮最佳表現,5,2.4,0.8944271909999159,3,1,3
影響力發展,Q99,我希望自己未來能成為 誠致 領導人（例如：組長、經理、總監）,5,2.4,1.3416407864998738,3,1,4
影響力發展,Q100,我預計會在 誠致 持續任職,5,1,0.7071067811865476,1.5,0,1.5
影響力發展,Q101,如果有機會，我會考慮到 KIST 學校 服務,5,1.6,0.8944271909999159,1,1,3
影響力發展,Q103,我對身為 誠致 的一員感到驕傲,5,3.4,0.8944271909999159,4,2,4
影響力發展,Q104,整體而言，我對於在 誠致 工作的滿意度是：,5,8,1,8,7,9
影響力發展,Q106,我會向合適的人才推薦 誠致,5,3.6,0.5477225575051661,4,3,4
教學發展,Q4,我在 誠致 的總工作年資,5,2,0.7071067811865476,1.5,1.5,3
教學發展,Q5,我在加入 誠致「前」的工作年資,5,3.5,1.5,3,2,6
教學發展,Q6,我當初選擇加入誠致的原因 [期待自己能實際參與改變教育],5,3.4,0.5477225575051661,3,3,4
教學發展,Q7,我當初選擇加入誠致的原因 [能跟過去經驗有所連結],5,4,0,4,4,4
教學發展,Q8,我當初選擇加入誠致的原因 [彈性自主的工作環境（彈性工時、工作地點）],5,4,0,4,4,4
教學發展,Q9,我當初選擇加入誠致的原因 [能嘗試跨域專案，累積多元歷練],5,3.4,0.5477225575051661,3,3,4
教學發展,Q10,我當初選擇加入誠致的原因 [認同組織核心價值與文化],5,3.8,0.44721359549995793,4,3,4
教學發展,Q11,我當初選擇加入誠致的原因 [尋求理念一致的夥伴],5,3.4,0.8944271909999159,4,2,4
教學發展,Q12,我當初選擇加入誠致的原因 [薪資福利],5,2.6,0.8944271909999161,3,1,3
教學發展,Q15,我認同 KIST 的願景：給孩子公平發展天賦的舞台,5,4,0,4,4,4
教學發展,Q16,我理解且認同以下的 KIST 核心價值 [當責態度（當責始終在我／遇到問題，不究責諉過，致力於找出更好的方法／持續對學生、家人與同事做出重要承諾）],5,3.8,0.44721359549995787,4,3,4
教學發展,Q17,我理解且認同以下的 KIST 核心價值 [成長心態（所有人都可以並願意學習／持續致力於成為更好的人／挫敗是寶藏，淘洗出金塊來）],5,3.8,0.44721359549995793,4,3,4
教學發展,Q18,我理解且認同以下的 KIST 核心價值 [團隊協作（發揮打群架的精神／KIST 是團隊、也是家人／透過協作創新、用全村力量辦學）],5,3.8,0.44721359549995793,4,3,4
教學發展,Q19,我理解且認同以下的 KIST 核心價值 [誠信正直（用愛心說真話／秉持當事人原則／以學生最佳利益為中心的決策／以身作則，說的等於做的）],5,3.8,0.44721359549995793,4,3,4
教學發展,Q20,我理解且認同以下的 KIST 核心價值 [多元包容（差異是力量的來源／積極傾聽、善意溝通／公平、多元、包容、創造幸福）],5,3.4,0.5477225575051661,3,3,4
教學發展,Q21,我理解且認同以下的 KIST 核心價值 [健康幸福（健康第一、家庭第二、樂在工作／時時保持情緒與心理的更新／從工作中產生意義與樂趣）],5,3.4,0.5477225575051661,3,3,4
教學發展,Q22,我有具體實踐以下的 KIST 核心價值 [當責態度（當責始終在我／遇到問題，不究責諉過，致力於找出更好的方法／持續對學生、家人與同事做出重要承諾）],5,3.6,0.5477225575051661,4,3,4
教學發展,Q23,我有具體實踐以下的 KIST 核心價值 [成長心態（所有人都可以並願意學習／持續致力於成為更好的人／挫敗是寶藏，淘洗出金塊來）],5,3.4,0.5477225575051661,3,3,4
教學發展,Q24,我有具體實踐以下的 KIST 核心價值 [團隊協作（發揮打群架的精神／KIST 是團隊、也是家人／透過協作創新、用全村力量辦學）],5,3.4,0.5477225575051661,3,3,4
教學發展,Q25,我有具體實踐以下的 KIST 核心價值 [誠信正直（用愛心說真話／秉持當事人原則／以學生最佳利益為中心的決策／以身作則，說的等於做的）],5,3.4,0.8944271909999159,4,2,4
教學發展,Q26,我有具體實踐以下的 KIST 核心價值 [多元包容（差異是力量的來源／積極傾聽、善意溝通／公平、多元、包容、創造幸福）],5,3.8,0.44721359549995787,4,3,4
教學發展,Q27,我有具體實踐以下的 KIST 核心價值 [健康幸福（健康第一、家庭第二、樂在工作／時時保持情緒與心理的更新／從工作中產生意義與樂趣）],5,3.2,0.44721359549995793,3,3,4
教學發展,Q28,我理解以下 KIST 教學特色 [嚴謹教學循環（SEAMS）],5,4,0,4,4,4
教學發展,Q29,我理解以下 KIST 教學特色 [卓越教學架構],5,3.8,0.44721359549995793,4,3,4
教學發展,Q30,我理解以下 KIST 教學特色 [社交與情緒學習 SEL],5,4,0,4,4,4
教學發展,Q31,我理解以下 KIST 教學特色 [品格鍛鍊],5,4,0,4,4,4
教學發展,Q32,我理解以下 KIST 教學特色 [個人化學習],5,3.2,0.44721359549995793,3,3,4
教學發展,Q33,我理解以下 KIST 教學特色 [文化相關教育學 CRP],5,2.4,0.5477225575051661,2,2,3
教學發展,Q34,我理解以下 KIST 教學特色 [專題與探究學習 PBL],5,3.4,0.5477225575051661,3,3,4
教學發展,Q35,我理解以下 KIST 教學特色 [永續發展目標 SDGs],5,3,0.7071067811865476,3,2,4
教學發展,Q36,在我的工作場域，我們的語言與行動都有清楚回應 聯盟 的願景與發展目標,5,3.8,0.44721359549995793,4,3,4
教學發展,Q37,在我的工作場域，我們會為聯盟的願景與目標全力以赴,5,3.8,0.44721359549995787,4,3,4
教學發展,Q38,KIST 聯盟中有我視為導師的人,5,3.8,0.44721359549995793,4,3,4
教學發展,Q39,我對身為 KIST 聯盟的一員感到驕傲,5,3.6,0.5477225575051661,4,3,4
教學發展,Q40,我會向合適的人才推薦 KIST 聯盟,5,4,0,4,4,4
教學發展,Q41,整體而言，我對於與 KIST 聯盟協作感到滿意,5,3.6,0.8944271909999161,4,2,4
教學發展,Q46,我認同 組織 的使命願景：關懷弱勢，科學救國,4,3.5,0.5773502691896257,3.5,3,4
教學發展,Q47,在我的工作場域，我們的語言與行動都有清楚回應 組織 的願景與發展目標,5,3.2,0.8366600265340756,3,2,4
教學發展,Q48,我瞭解組織的相關動態（例如：重要活動日期、重大消息...等）,5,3.4,0.5477225575051661,3,3,4
教學發展,Q49,我清楚我的工作目標，以及組織對我工作成果的期望,5,3.4,0.8944271909999159,4,2,4
教學發展,Q50,我理解我的工作與組織目標的關聯性,5,3.6,0.8944271909999159,4,2,4
教學發展,Q51,我擁有做好我工作所需要的資源（包含：資料、資訊、設備...),5,3.4,0.5477225575051661,3,3,4
教學發展,Q52,在工作中，我有足夠的學習機會或資源，提升我工作所需的知識與技能,5,3.6,0.5477225575051661,4,3,4
教學發展,Q53,組織目前的協作方式或政策，能有效促進溝通效率和合作品質,5,3.8,0.44721359549995787,4,3,4
教學發展,Q54,當我在組織與不同夥伴或組別合作時，過程是順暢的,5,3.6,0.5477225575051661,4,3,4
教學發展,Q55,在工作中，我覺得我的意見受到重視,5,4,0,4,4,4
教學發展,Q56,工作遇到問題時，我知道如何從內部尋求諮詢與取得資源協助,5,3.8,0.44721359549995793,4,3,4
教學發展,Q57,我能在工作中建立有意義的人際關係,5,3.8,0.44721359549995793,4,3,4
教學發展,Q58,針對我的工作表現，我可以收到實用且及時的回饋,5,3.6,0.8944271909999161,4,2,4
教學發展,Q59,我的工作表現出色時，會收到正面肯定與回饋,5,4,0,4,4,4
教學發展,Q60,組織中有關心我身心狀態與幸福感的人,5,3.8,0.44721359549995793,4,3,4
教學發展,Q61,對於與我個人或我工作攸關的決策中，我有機會理解決策的原委,5,3.8,0.44721359549995793,4,3,4
教學發展,Q62,我對組織的領導團隊有信心,5,3.8,0.44721359549995793,4,3,4
教學發展,Q63,我可以安心地和領導團隊溝通我的建議和想法（用愛心說真話）,5,4,0,4,4,4
教學發展,Q64,組織夥伴會為組織的願景與目標全力以赴,5,3.8,0.44721359549995787,4,3,4
教學發展,Q65,當環境或工作進展出現超出預期的變化時，我們能夠快速做出有效的回應，包含決策和行動的調整,5,4,0,4,4,4
教學發展,Q66,我們在決策與執行的過程中，能充分納入內外部利害關係人的觀點,5,3.2,0.44721359549995793,3,3,4
教學發展,Q67,就算不一定會成功，我們仍被鼓勵持續突破與創新,5,4,0,4,4,4
教學發展,Q68,在嘗試後如果結果不如預期，我們很可能會受到責難或處罰,5,1.4,0.5477225575051661,1,1,2
教學發展,Q69,我們總是可以從失敗的經驗中學習,5,3.6,0.5477225575051661,4,3,4
教學發展,Q74,誠致 所提供的 [培育與激勵] 資源，對我職場體驗的幫助程度是： [個人發展藍圖（職涯發展藍圖）],2,3,0,3,3,3
教學發展,Q75,誠致 所提供的 [培育與激勵] 資源，對我職場體驗的幫助程度是： [IDP & O3],4,3.25,0.5,3,3,4
教學發展,Q76,誠致 所提供的 [培育與激勵] 資源，對我職場體驗的幫助程度是： [增能課程],5,3.4,0.5477225575051661,3,3,4
教學發展,Q77,誠致 所提供的 [培育與激勵] 資源，對我職場體驗的幫助程度是： [小後台圍圈],1,3,NA,3,3,3
教學發展,Q78,誠致 所提供的 [培育與激勵] 資源，對我職場體驗的幫助程度是： [相揪 KI 運動],3,3,0,3,3,3
教學發展,Q79,誠致 所提供的 [培育與激勵] 資源，對我職場體驗的幫助程度是： [動滋券],4,3.5,0.5773502691896257,3.5,3,4
教學發展,Q80,誠致 所提供的 [培育與激勵] 資源，對我職場體驗的幫助程度是： [專業成長券],3,3.6666666666666665,0.5773502691896258,4,3,4
教學發展,Q81,誠致 所提供的 [培育與激勵] 資源，對我職場體驗的幫助程度是： [健康檢查],2,3.5,0.7071067811865476,3.5,3,4
教學發展,Q82,誠致 所提供的 [培育與激勵] 資源，對我職場體驗的幫助程度是： [諮商補助],2,3.5,0.7071067811865476,3.5,3,4
教學發展,Q84,我覺得我的工作是有意義的,5,4,0,4,4,4
教學發展,Q85,我覺得我在工作中持續成長,5,3.8,0.44721359549995787,4,3,4
教學發展,Q86,我覺得在目前工作上，成長最多的能力是？ [問題解決],5,3.4,0.5477225575051661,3,3,4
教學發展,Q87,我覺得在目前工作上，成長最多的能力是？ [分析與策略思維],5,3.8,0.44721359549995787,4,3,4
教學發展,Q88,我覺得在目前工作上，成長最多的能力是？ [專案與資源管理],5,3.2,0.44721359549995793,3,3,4
教學發展,Q89,我覺得在目前工作上，成長最多的能力是？ [自我覺察與自我成長],5,3.2,0.44721359549995793,3,3,4
教學發展,Q90,我覺得在目前工作上，成長最多的能力是？ [發展與輔導他人],5,3.6,0.5477225575051661,4,3,4
教學發展,Q91,我覺得在目前工作上，成長最多的能力是？ [溝通／引導],5,3.8,0.44721359549995787,4,3,4
教學發展,Q92,我覺得在目前工作上，成長最多的能力是？ [會議管理],5,3,0.7071067811865476,3,2,4
教學發展,Q93,我覺得在目前工作上，成長最多的能力是？ [數據分析],5,2.2,0.8366600265340756,2,1,3
教學發展,Q94,我覺得在目前工作上，成長最多的能力是？ [體驗設計],5,3.2,0.44721359549995787,3,3,4
教學發展,Q96,組織內有我視為導師的人,5,3.8,0.44721359549995793,4,3,4
教學發展,Q97,目前的職涯發展機會對我有吸引力,5,3.4,0.5477225575051661,3,3,4
教學發展,Q98,目前的薪資福利，能鼓勵我發揮最佳表現,5,3.4,0.5477225575051661,3,3,4
教學發展,Q99,我希望自己未來能成為 誠致 領導人（例如：組長、經理、總監）,5,3.2,0.44721359549995787,3,3,4
教學發展,Q100,我預計會在 誠致 持續任職,5,1.8,0.27386127875258304,2,1.5,2
教學發展,Q101,如果有機會，我會考慮到 KIST 學校 服務,5,2.8,0.44721359549995787,3,2,3
教學發展,Q103,我對身為 誠致 的一員感到驕傲,5,3.8,0.44721359549995787,4,3,4
教學發展,Q104,整體而言，我對於在 誠致 工作的滿意度是：,5,9,0.7071067811865476,9,8,10
教學發展,Q106,我會向合適的人才推薦 誠致,5,3.8,0.44721359549995793,4,3,4
營運發展,Q4,我在 誠致 的總工作年資,5,2.2,0.6708203932499369,2.5,1.5,3
營運發展,Q5,我在加入 誠致「前」的工作年資,5,3.1,4.09878030638384,2.5,0,10
營運發展,Q6,我當初選擇加入誠致的原因 [期待自己能實際參與改變教育],5,3.6,0.5477225575051661,4,3,4
營運發展,Q7,我當初選擇加入誠致的原因 [能跟過去經驗有所連結],5,3.6,0.5477225575051661,4,3,4
營運發展,Q8,我當初選擇加入誠致的原因 [彈性自主的工作環境（彈性工時、工作地點）],5,2.8,1.3038404810405297,3,1,4
營運發展,Q9,我當初選擇加入誠致的原因 [能嘗試跨域專案，累積多元歷練],5,3.2,0.8366600265340756,3,2,4
營運發展,Q10,我當初選擇加入誠致的原因 [認同組織核心價值與文化],5,3.8,0.44721359549995793,4,3,4
營運發展,Q11,我當初選擇加入誠致的原因 [尋求理念一致的夥伴],5,3.6,0.5477225575051661,4,3,4
營運發展,Q12,我當初選擇加入誠致的原因 [薪資福利],5,2.6,0.8944271909999159,2,2,4
營運發展,Q15,我認同 KIST 的願景：給孩子公平發展天賦的舞台,5,4,0,4,4,4
營運發展,Q16,我理解且認同以下的 KIST 核心價值 [當責態度（當責始終在我／遇到問題，不究責諉過，致力於找出更好的方法／持續對學生、家人與同事做出重要承諾）],5,3.6,0.5477225575051661,4,3,4
營運發展,Q17,我理解且認同以下的 KIST 核心價值 [成長心態（所有人都可以並願意學習／持續致力於成為更好的人／挫敗是寶藏，淘洗出金塊來）],5,4,0,4,4,4
營運發展,Q18,我理解且認同以下的 KIST 核心價值 [團隊協作（發揮打群架的精神／KIST 是團隊、也是家人／透過協作創新、用全村力量辦學）],5,3.8,0.44721359549995787,4,3,4
營運發展,Q19,我理解且認同以下的 KIST 核心價值 [誠信正直（用愛心說真話／秉持當事人原則／以學生最佳利益為中心的決策／以身作則，說的等於做的）],5,4,0,4,4,4
營運發展,Q20,我理解且認同以下的 KIST 核心價值 [多元包容（差異是力量的來源／積極傾聽、善意溝通／公平、多元、包容、創造幸福）],5,4,0,4,4,4
營運發展,Q21,我理解且認同以下的 KIST 核心價值 [健康幸福（健康第一、家庭第二、樂在工作／時時保持情緒與心理的更新／從工作中產生意義與樂趣）],5,3.8,0.44721359549995793,4,3,4
營運發展,Q22,我有具體實踐以下的 KIST 核心價值 [當責態度（當責始終在我／遇到問題，不究責諉過，致力於找出更好的方法／持續對學生、家人與同事做出重要承諾）],5,3.4,0.5477225575051661,3,3,4
營運發展,Q23,我有具體實踐以下的 KIST 核心價值 [成長心態（所有人都可以並願意學習／持續致力於成為更好的人／挫敗是寶藏，淘洗出金塊來）],5,3.4,0.5477225575051661,3,3,4
營運發展,Q24,我有具體實踐以下的 KIST 核心價值 [團隊協作（發揮打群架的精神／KIST 是團隊、也是家人／透過協作創新、用全村力量辦學）],5,3.6,0.5477225575051661,4,3,4
營運發展,Q25,我有具體實踐以下的 KIST 核心價值 [誠信正直（用愛心說真話／秉持當事人原則／以學生最佳利益為中心的決策／以身作則，說的等於做的）],5,3.8,0.44721359549995787,4,3,4
營運發展,Q26,我有具體實踐以下的 KIST 核心價值 [多元包容（差異是力量的來源／積極傾聽、善意溝通／公平、多元、包容、創造幸福）],5,3.8,0.44721359549995787,4,3,4
營運發展,Q27,我有具體實踐以下的 KIST 核心價值 [健康幸福（健康第一、家庭第二、樂在工作／時時保持情緒與心理的更新／從工作中產生意義與樂趣）],5,3.2,0.44721359549995793,3,3,4
營運發展,Q28,我理解以下 KIST 教學特色 [嚴謹教學循環（SEAMS）],5,3,0,3,3,3
營運發展,Q29,我理解以下 KIST 教學特色 [卓越教學架構],5,3,0,3,3,3
營運發展,Q30,我理解以下 KIST 教學特色 [社交與情緒學習 SEL],5,3.2,0.44721359549995787,3,3,4
營運發展,Q31,我理解以下 KIST 教學特色 [品格鍛鍊],5,2.6,1.5165750888103102,3,0,4
營運發展,Q32,我理解以下 KIST 教學特色 [個人化學習],5,2.6,1.5165750888103102,3,0,4
營運發展,Q33,我理解以下 KIST 教學特色 [文化相關教育學 CRP],5,2.6,1.5165750888103102,3,0,4
營運發展,Q34,我理解以下 KIST 教學特色 [專題與探究學習 PBL],5,3.2,0.44721359549995787,3,3,4
營運發展,Q35,我理解以下 KIST 教學特色 [永續發展目標 SDGs],5,3.2,0.44721359549995787,3,3,4
營運發展,Q36,在我的工作場域，我們的語言與行動都有清楚回應 聯盟 的願景與發展目標,5,3.6,0.5477225575051661,4,3,4
營運發展,Q37,在我的工作場域，我們會為聯盟的願景與目標全力以赴,5,3.6,0.5477225575051661,4,3,4
營運發展,Q38,KIST 聯盟中有我視為導師的人,5,4,0,4,4,4
營運發展,Q39,我對身為 KIST 聯盟的一員感到驕傲,5,4,0,4,4,4
營運發展,Q40,我會向合適的人才推薦 KIST 聯盟,5,4,0,4,4,4
營運發展,Q41,整體而言，我對於與 KIST 聯盟協作感到滿意,5,3.8,0.44721359549995793,4,3,4
營運發展,Q46,我認同 組織 的使命願景：關懷弱勢，科學救國,5,3.8,0.44721359549995787,4,3,4
營運發展,Q47,在我的工作場域，我們的語言與行動都有清楚回應 組織 的願景與發展目標,5,3.6,0.5477225575051661,4,3,4
營運發展,Q48,我瞭解組織的相關動態（例如：重要活動日期、重大消息...等）,5,3.6,0.5477225575051661,4,3,4
營運發展,Q49,我清楚我的工作目標，以及組織對我工作成果的期望,5,3.6,0.5477225575051661,4,3,4
營運發展,Q50,我理解我的工作與組織目標的關聯性,5,4,0,4,4,4
營運發展,Q51,我擁有做好我工作所需要的資源（包含：資料、資訊、設備...),5,3.4,0.5477225575051661,3,3,4
營運發展,Q52,在工作中，我有足夠的學習機會或資源，提升我工作所需的知識與技能,5,3.4,0.5477225575051661,3,3,4
營運發展,Q53,組織目前的協作方式或政策，能有效促進溝通效率和合作品質,5,3.2,0.44721359549995793,3,3,4
營運發展,Q54,當我在組織與不同夥伴或組別合作時，過程是順暢的,5,3.8,0.44721359549995793,4,3,4
營運發展,Q55,在工作中，我覺得我的意見受到重視,5,4,0,4,4,4
營運發展,Q56,工作遇到問題時，我知道如何從內部尋求諮詢與取得資源協助,5,4,0,4,4,4
營運發展,Q57,我能在工作中建立有意義的人際關係,5,4,0,4,4,4
營運發展,Q58,針對我的工作表現，我可以收到實用且及時的回饋,5,3.8,0.44721359549995793,4,3,4
營運發展,Q59,我的工作表現出色時，會收到正面肯定與回饋,5,4,0,4,4,4
營運發展,Q60,組織中有關心我身心狀態與幸福感的人,5,4,0,4,4,4
營運發展,Q61,對於與我個人或我工作攸關的決策中，我有機會理解決策的原委,5,4,0,4,4,4
營運發展,Q62,我對組織的領導團隊有信心,5,3.8,0.44721359549995787,4,3,4
營運發展,Q63,我可以安心地和領導團隊溝通我的建議和想法（用愛心說真話）,5,3.8,0.44721359549995793,4,3,4
營運發展,Q64,組織夥伴會為組織的願景與目標全力以赴,5,3.8,0.44721359549995793,4,3,4
營運發展,Q65,當環境或工作進展出現超出預期的變化時，我們能夠快速做出有效的回應，包含決策和行動的調整,5,3.6,0.5477225575051661,4,3,4
營運發展,Q66,我們在決策與執行的過程中，能充分納入內外部利害關係人的觀點,5,3.2,0.8366600265340756,3,2,4
營運發展,Q67,就算不一定會成功，我們仍被鼓勵持續突破與創新,5,3.8,0.44721359549995793,4,3,4
營運發展,Q68,在嘗試後如果結果不如預期，我們很可能會受到責難或處罰,5,1.2,0.44721359549995793,1,1,2
營運發展,Q69,我們總是可以從失敗的經驗中學習,5,3.6,0.5477225575051661,4,3,4
營運發展,Q74,誠致 所提供的 [培育與激勵] 資源，對我職場體驗的幫助程度是： [個人發展藍圖（職涯發展藍圖）],3,3,0,3,3,3
營運發展,Q75,誠致 所提供的 [培育與激勵] 資源，對我職場體驗的幫助程度是： [IDP & O3],4,3.5,0.5773502691896257,3.5,3,4
營運發展,Q76,誠致 所提供的 [培育與激勵] 資源，對我職場體驗的幫助程度是： [增能課程],5,3.8,0.44721359549995793,4,3,4
營運發展,Q77,誠致 所提供的 [培育與激勵] 資源，對我職場體驗的幫助程度是： [小後台圍圈],4,4,0,4,4,4
營運發展,Q78,誠致 所提供的 [培育與激勵] 資源，對我職場體驗的幫助程度是： [相揪 KI 運動],5,3.8,0.44721359549995793,4,3,4
營運發展,Q79,誠致 所提供的 [培育與激勵] 資源，對我職場體驗的幫助程度是： [動滋券],4,4,0,4,4,4
營運發展,Q80,誠致 所提供的 [培育與激勵] 資源，對我職場體驗的幫助程度是： [專業成長券],3,4,0,4,4,4
營運發展,Q81,誠致 所提供的 [培育與激勵] 資源，對我職場體驗的幫助程度是： [健康檢查],2,3.5,0.7071067811865476,3.5,3,4
營運發展,Q82,誠致 所提供的 [培育與激勵] 資源，對我職場體驗的幫助程度是： [諮商補助],2,4,0,4,4,4
營運發展,Q84,我覺得我的工作是有意義的,5,3.8,0.44721359549995793,4,3,4
營運發展,Q85,我覺得我在工作中持續成長,5,3.4,0.8944271909999159,4,2,4
營運發展,Q86,我覺得在目前工作上，成長最多的能力是？ [問題解決],5,3.6,0.8944271909999159,4,2,4
營運發展,Q87,我覺得在目前工作上，成長最多的能力是？ [分析與策略思維],5,3.4,0.5477225575051661,3,3,4
營運發展,Q88,我覺得在目前工作上，成長最多的能力是？ [專案與資源管理],5,3.6,0.8944271909999159,4,2,4
營運發展,Q89,我覺得在目前工作上，成長最多的能力是？ [自我覺察與自我成長],5,3.2,0.8366600265340756,3,2,4
營運發展,Q90,我覺得在目前工作上，成長最多的能力是？ [發展與輔導他人],5,2.8,0.8366600265340756,3,2,4
營運發展,Q91,我覺得在目前工作上，成長最多的能力是？ [溝通／引導],5,3.4,0.8944271909999159,4,2,4
營運發展,Q92,我覺得在目前工作上，成長最多的能力是？ [會議管理],5,3.2,0.8366600265340756,3,2,4
營運發展,Q93,我覺得在目前工作上，成長最多的能力是？ [數據分析],5,2.4,0.5477225575051661,2,2,3
營運發展,Q94,我覺得在目前工作上，成長最多的能力是？ [體驗設計],5,2.8,0.8366600265340756,3,2,4
營運發展,Q96,組織內有我視為導師的人,5,3.8,0.44721359549995793,4,3,4
營運發展,Q97,目前的職涯發展機會對我有吸引力,5,3.2,0.44721359549995787,3,3,4
營運發展,Q98,目前的薪資福利，能鼓勵我發揮最佳表現,5,3.2,0.8366600265340756,3,2,4
營運發展,Q99,我希望自己未來能成為 誠致 領導人（例如：組長、經理、總監）,5,3,0,3,3,3
營運發展,Q100,我預計會在 誠致 持續任職,5,1.5,0.6123724356957945,1.5,0.5,2
營運發展,Q101,如果有機會，我會考慮到 KIST 學校 服務,5,2.4,1.140175425099138,2,1,4
營運發展,Q103,我對身為 誠致 的一員感到驕傲,5,4,0,4,4,4
營運發展,Q104,整體而言，我對於在 誠致 工作的滿意度是：,5,8.4,0.5477225575051662,8,8,9
營運發展,Q106,我會向合適的人才推薦 誠致,5,4,0,4,4,4
聯盟發展,Q4,我在 誠致 的總工作年資,2,1.5,0,1.5,1.5,1.5
聯盟發展,Q5,我在加入 誠致「前」的工作年資,2,2.75,3.181980515339464,2.75,0.5,5
聯盟發展,Q6,我當初選擇加入誠致的原因 [期待自己能實際參與改變教育],2,4,0,4,4,4
聯盟發展,Q7,我當初選擇加入誠致的原因 [能跟過去經驗有所連結],2,3,1.4142135623730951,3,2,4
聯盟發展,Q8,我當初選擇加入誠致的原因 [彈性自主的工作環境（彈性工時、工作地點）],2,3.5,0.7071067811865476,3.5,3,4
聯盟發展,Q9,我當初選擇加入誠致的原因 [能嘗試跨域專案，累積多元歷練],2,3.5,0.7071067811865476,3.5,3,4
聯盟發展,Q10,我當初選擇加入誠致的原因 [認同組織核心價值與文化],2,3.5,0.7071067811865476,3.5,3,4
聯盟發展,Q11,我當初選擇加入誠致的原因 [尋求理念一致的夥伴],2,2.5,2.1213203435596424,2.5,1,4
聯盟發展,Q12,我當初選擇加入誠致的原因 [薪資福利],2,2,1.4142135623730951,2,1,3
聯盟發展,Q15,我認同 KIST 的願景：給孩子公平發展天賦的舞台,2,4,0,4,4,4
聯盟發展,Q16,我理解且認同以下的 KIST 核心價值 [當責態度（當責始終在我／遇到問題，不究責諉過，致力於找出更好的方法／持續對學生、家人與同事做出重要承諾）],2,4,0,4,4,4
聯盟發展,Q17,我理解且認同以下的 KIST 核心價值 [成長心態（所有人都可以並願意學習／持續致力於成為更好的人／挫敗是寶藏，淘洗出金塊來）],2,4,0,4,4,4
聯盟發展,Q18,我理解且認同以下的 KIST 核心價值 [團隊協作（發揮打群架的精神／KIST 是團隊、也是家人／透過協作創新、用全村力量辦學）],2,4,0,4,4,4
聯盟發展,Q19,我理解且認同以下的 KIST 核心價值 [誠信正直（用愛心說真話／秉持當事人原則／以學生最佳利益為中心的決策／以身作則，說的等於做的）],2,4,0,4,4,4
聯盟發展,Q20,我理解且認同以下的 KIST 核心價值 [多元包容（差異是力量的來源／積極傾聽、善意溝通／公平、多元、包容、創造幸福）],2,4,0,4,4,4
聯盟發展,Q21,我理解且認同以下的 KIST 核心價值 [健康幸福（健康第一、家庭第二、樂在工作／時時保持情緒與心理的更新／從工作中產生意義與樂趣）],2,4,0,4,4,4
聯盟發展,Q22,我有具體實踐以下的 KIST 核心價值 [當責態度（當責始終在我／遇到問題，不究責諉過，致力於找出更好的方法／持續對學生、家人與同事做出重要承諾）],2,3.5,0.7071067811865476,3.5,3,4
聯盟發展,Q23,我有具體實踐以下的 KIST 核心價值 [成長心態（所有人都可以並願意學習／持續致力於成為更好的人／挫敗是寶藏，淘洗出金塊來）],2,3.5,0.7071067811865476,3.5,3,4
聯盟發展,Q24,我有具體實踐以下的 KIST 核心價值 [團隊協作（發揮打群架的精神／KIST 是團隊、也是家人／透過協作創新、用全村力量辦學）],2,3.5,0.7071067811865476,3.5,3,4
聯盟發展,Q25,我有具體實踐以下的 KIST 核心價值 [誠信正直（用愛心說真話／秉持當事人原則／以學生最佳利益為中心的決策／以身作則，說的等於做的）],2,3.5,0.7071067811865476,3.5,3,4
聯盟發展,Q26,我有具體實踐以下的 KIST 核心價值 [多元包容（差異是力量的來源／積極傾聽、善意溝通／公平、多元、包容、創造幸福）],2,2.5,0.7071067811865476,2.5,2,3
聯盟發展,Q27,我有具體實踐以下的 KIST 核心價值 [健康幸福（健康第一、家庭第二、樂在工作／時時保持情緒與心理的更新／從工作中產生意義與樂趣）],2,3,1.4142135623730951,3,2,4
聯盟發展,Q28,我理解以下 KIST 教學特色 [嚴謹教學循環（SEAMS）],2,4,0,4,4,4
聯盟發展,Q29,我理解以下 KIST 教學特色 [卓越教學架構],2,3.5,0.7071067811865476,3.5,3,4
聯盟發展,Q30,我理解以下 KIST 教學特色 [社交與情緒學習 SEL],2,3.5,0.7071067811865476,3.5,3,4
聯盟發展,Q31,我理解以下 KIST 教學特色 [品格鍛鍊],2,4,0,4,4,4
聯盟發展,Q32,我理解以下 KIST 教學特色 [個人化學習],2,4,0,4,4,4
聯盟發展,Q33,我理解以下 KIST 教學特色 [文化相關教育學 CRP],2,3.5,0.7071067811865476,3.5,3,4
聯盟發展,Q34,我理解以下 KIST 教學特色 [專題與探究學習 PBL],2,4,0,4,4,4
聯盟發展,Q35,我理解以下 KIST 教學特色 [永續發展目標 SDGs],2,4,0,4,4,4
聯盟發展,Q36,在我的工作場域，我們的語言與行動都有清楚回應 聯盟 的願景與發展目標,2,2.5,0.7071067811865476,2.5,2,3
聯盟發展,Q37,在我的工作場域，我們會為聯盟的願景與目標全力以赴,2,3.5,0.7071067811865476,3.5,3,4
聯盟發展,Q38,KIST 聯盟中有我視為導師的人,2,3.5,0.7071067811865476,3.5,3,4
聯盟發展,Q39,我對身為 KIST 聯盟的一員感到驕傲,2,3,1.4142135623730951,3,2,4
聯盟發展,Q40,我會向合適的人才推薦 KIST 聯盟,2,3.5,0.7071067811865476,3.5,3,4
聯盟發展,Q41,整體而言，我對於與 KIST 聯盟協作感到滿意,2,2.5,0.7071067811865476,2.5,2,3
聯盟發展,Q46,我認同 組織 的使命願景：關懷弱勢，科學救國,2,3,0,3,3,3
聯盟發展,Q47,在我的工作場域，我們的語言與行動都有清楚回應 組織 的願景與發展目標,2,2.5,0.7071067811865476,2.5,2,3
聯盟發展,Q48,我瞭解組織的相關動態（例如：重要活動日期、重大消息...等）,2,4,0,4,4,4
聯盟發展,Q49,我清楚我的工作目標，以及組織對我工作成果的期望,2,3.5,0.7071067811865476,3.5,3,4
聯盟發展,Q50,我理解我的工作與組織目標的關聯性,2,3.5,0.7071067811865476,3.5,3,4
聯盟發展,Q51,我擁有做好我工作所需要的資源（包含：資料、資訊、設備...),2,2.5,0.7071067811865476,2.5,2,3
聯盟發展,Q52,在工作中，我有足夠的學習機會或資源，提升我工作所需的知識與技能,2,3,1.4142135623730951,3,2,4
聯盟發展,Q53,組織目前的協作方式或政策，能有效促進溝通效率和合作品質,2,2.5,0.7071067811865476,2.5,2,3
聯盟發展,Q54,當我在組織與不同夥伴或組別合作時，過程是順暢的,2,3.5,0.7071067811865476,3.5,3,4
聯盟發展,Q55,在工作中，我覺得我的意見受到重視,2,4,0,4,4,4
聯盟發展,Q56,工作遇到問題時，我知道如何從內部尋求諮詢與取得資源協助,2,3.5,0.7071067811865476,3.5,3,4
聯盟發展,Q57,我能在工作中建立有意義的人際關係,2,4,0,4,4,4
聯盟發展,Q58,針對我的工作表現，我可以收到實用且及時的回饋,2,3.5,0.7071067811865476,3.5,3,4
聯盟發展,Q59,我的工作表現出色時，會收到正面肯定與回饋,2,4,0,4,4,4
聯盟發展,Q60,組織中有關心我身心狀態與幸福感的人,2,4,0,4,4,4
聯盟發展,Q61,對於與我個人或我工作攸關的決策中，我有機會理解決策的原委,2,4,0,4,4,4
聯盟發展,Q62,我對組織的領導團隊有信心,2,3,1.4142135623730951,3,2,4
聯盟發展,Q63,我可以安心地和領導團隊溝通我的建議和想法（用愛心說真話）,2,3.5,0.7071067811865476,3.5,3,4
聯盟發展,Q64,組織夥伴會為組織的願景與目標全力以赴,2,3.5,0.7071067811865476,3.5,3,4
聯盟發展,Q65,當環境或工作進展出現超出預期的變化時，我們能夠快速做出有效的回應，包含決策和行動的調整,2,3,1.4142135623730951,3,2,4
聯盟發展,Q66,我們在決策與執行的過程中，能充分納入內外部利害關係人的觀點,2,3,0,3,3,3
聯盟發展,Q67,就算不一定會成功，我們仍被鼓勵持續突破與創新,2,4,0,4,4,4
聯盟發展,Q68,在嘗試後如果結果不如預期，我們很可能會受到責難或處罰,2,1,0,1,1,1
聯盟發展,Q69,我們總是可以從失敗的經驗中學習,2,2.5,0.7071067811865476,2.5,2,3
聯盟發展,Q74,誠致 所提供的 [培育與激勵] 資源，對我職場體驗的幫助程度是： [個人發展藍圖（職涯發展藍圖）],2,2.5,0.7071067811865476,2.5,2,3
聯盟發展,Q75,誠致 所提供的 [培育與激勵] 資源，對我職場體驗的幫助程度是： [IDP & O3],2,3,1.4142135623730951,3,2,4
聯盟發展,Q76,誠致 所提供的 [培育與激勵] 資源，對我職場體驗的幫助程度是： [增能課程],2,3.5,0.7071067811865476,3.5,3,4
聯盟發展,Q77,誠致 所提供的 [培育與激勵] 資源，對我職場體驗的幫助程度是： [小後台圍圈],2,3,0,3,3,3
聯盟發展,Q78,誠致 所提供的 [培育與激勵] 資源，對我職場體驗的幫助程度是： [相揪 KI 運動],2,3,1.4142135623730951,3,2,4
聯盟發展,Q79,誠致 所提供的 [培育與激勵] 資源，對我職場體驗的幫助程度是： [動滋券],2,4,0,4,4,4
聯盟發展,Q80,誠致 所提供的 [培育與激勵] 資源，對我職場體驗的幫助程度是： [專業成長券],2,3,0,3,3,3
聯盟發展,Q81,誠致 所提供的 [培育與激勵] 資源，對我職場體驗的幫助程度是： [健康檢查],0,NA,NA,NA,Inf,-Inf
聯盟發展,Q82,誠致 所提供的 [培育與激勵] 資源，對我職場體驗的幫助程度是： [諮商補助],0,NA,NA,NA,Inf,-Inf
聯盟發展,Q84,我覺得我的工作是有意義的,2,3.5,0.7071067811865476,3.5,3,4
聯盟發展,Q85,我覺得我在工作中持續成長,2,3,1.4142135623730951,3,2,4
聯盟發展,Q86,我覺得在目前工作上，成長最多的能力是？ [問題解決],2,2.5,0.7071067811865476,2.5,2,3
聯盟發展,Q87,我覺得在目前工作上，成長最多的能力是？ [分析與策略思維],2,3.5,0.7071067811865476,3.5,3,4
聯盟發展,Q88,我覺得在目前工作上，成長最多的能力是？ [專案與資源管理],2,4,0,4,4,4
聯盟發展,Q89,我覺得在目前工作上，成長最多的能力是？ [自我覺察與自我成長],2,3.5,0.7071067811865476,3.5,3,4
聯盟發展,Q90,我覺得在目前工作上，成長最多的能力是？ [發展與輔導他人],2,3,0,3,3,3
聯盟發展,Q91,我覺得在目前工作上，成長最多的能力是？ [溝通／引導],2,3.5,0.7071067811865476,3.5,3,4
聯盟發展,Q92,我覺得在目前工作上，成長最多的能力是？ [會議管理],2,4,0,4,4,4
聯盟發展,Q93,我覺得在目前工作上，成長最多的能力是？ [數據分析],2,2.5,0.7071067811865476,2.5,2,3
聯盟發展,Q94,我覺得在目前工作上，成長最多的能力是？ [體驗設計],2,4,0,4,4,4
聯盟發展,Q96,組織內有我視為導師的人,2,3.5,0.7071067811865476,3.5,3,4
聯盟發展,Q97,目前的職涯發展機會對我有吸引力,2,2.5,0.7071067811865476,2.5,2,3
聯盟發展,Q98,目前的薪資福利，能鼓勵我發揮最佳表現,2,2.5,0.7071067811865476,2.5,2,3
聯盟發展,Q99,我希望自己未來能成為 誠致 領導人（例如：組長、經理、總監）,2,3,1.4142135623730951,3,2,4
聯盟發展,Q100,我預計會在 誠致 持續任職,2,1,0.7071067811865476,1,0.5,1.5
聯盟發展,Q101,如果有機會，我會考慮到 KIST 學校 服務,2,3.5,0.7071067811865476,3.5,3,4
聯盟發展,Q103,我對身為 誠致 的一員感到驕傲,2,3.5,0.7071067811865476,3.5,3,4
聯盟發展,Q104,整體而言，我對於在 誠致 工作的滿意度是：,2,7.5,2.1213203435596424,7.5,6,9
聯盟發展,Q106,我會向合適的人才推薦 誠致,2,3.5,0.7071067811865476,3.5,3,4
領導發展,Q4,我在 誠致 的總工作年資,1,3,NA,3,3,3
領導發展,Q5,我在加入 誠致「前」的工作年資,1,14,NA,14,14,14
領導發展,Q6,我當初選擇加入誠致的原因 [期待自己能實際參與改變教育],1,4,NA,4,4,4
領導發展,Q7,我當初選擇加入誠致的原因 [能跟過去經驗有所連結],1,3,NA,3,3,3
領導發展,Q8,我當初選擇加入誠致的原因 [彈性自主的工作環境（彈性工時、工作地點）],1,3,NA,3,3,3
領導發展,Q9,我當初選擇加入誠致的原因 [能嘗試跨域專案，累積多元歷練],1,3,NA,3,3,3
領導發展,Q10,我當初選擇加入誠致的原因 [認同組織核心價值與文化],1,4,NA,4,4,4
領導發展,Q11,我當初選擇加入誠致的原因 [尋求理念一致的夥伴],1,3,NA,3,3,3
領導發展,Q12,我當初選擇加入誠致的原因 [薪資福利],1,2,NA,2,2,2
領導發展,Q15,我認同 KIST 的願景：給孩子公平發展天賦的舞台,1,4,NA,4,4,4
領導發展,Q16,我理解且認同以下的 KIST 核心價值 [當責態度（當責始終在我／遇到問題，不究責諉過，致力於找出更好的方法／持續對學生、家人與同事做出重要承諾）],1,4,NA,4,4,4
領導發展,Q17,我理解且認同以下的 KIST 核心價值 [成長心態（所有人都可以並願意學習／持續致力於成為更好的人／挫敗是寶藏，淘洗出金塊來）],1,4,NA,4,4,4
領導發展,Q18,我理解且認同以下的 KIST 核心價值 [團隊協作（發揮打群架的精神／KIST 是團隊、也是家人／透過協作創新、用全村力量辦學）],1,4,NA,4,4,4
領導發展,Q19,我理解且認同以下的 KIST 核心價值 [誠信正直（用愛心說真話／秉持當事人原則／以學生最佳利益為中心的決策／以身作則，說的等於做的）],1,4,NA,4,4,4
領導發展,Q20,我理解且認同以下的 KIST 核心價值 [多元包容（差異是力量的來源／積極傾聽、善意溝通／公平、多元、包容、創造幸福）],1,4,NA,4,4,4
領導發展,Q21,我理解且認同以下的 KIST 核心價值 [健康幸福（健康第一、家庭第二、樂在工作／時時保持情緒與心理的更新／從工作中產生意義與樂趣）],1,4,NA,4,4,4
領導發展,Q22,我有具體實踐以下的 KIST 核心價值 [當責態度（當責始終在我／遇到問題，不究責諉過，致力於找出更好的方法／持續對學生、家人與同事做出重要承諾）],1,4,NA,4,4,4
領導發展,Q23,我有具體實踐以下的 KIST 核心價值 [成長心態（所有人都可以並願意學習／持續致力於成為更好的人／挫敗是寶藏，淘洗出金塊來）],1,4,NA,4,4,4
領導發展,Q24,我有具體實踐以下的 KIST 核心價值 [團隊協作（發揮打群架的精神／KIST 是團隊、也是家人／透過協作創新、用全村力量辦學）],1,4,NA,4,4,4
領導發展,Q25,我有具體實踐以下的 KIST 核心價值 [誠信正直（用愛心說真話／秉持當事人原則／以學生最佳利益為中心的決策／以身作則，說的等於做的）],1,4,NA,4,4,4
領導發展,Q26,我有具體實踐以下的 KIST 核心價值 [多元包容（差異是力量的來源／積極傾聽、善意溝通／公平、多元、包容、創造幸福）],1,4,NA,4,4,4
領導發展,Q27,我有具體實踐以下的 KIST 核心價值 [健康幸福（健康第一、家庭第二、樂在工作／時時保持情緒與心理的更新／從工作中產生意義與樂趣）],1,4,NA,4,4,4
領導發展,Q28,我理解以下 KIST 教學特色 [嚴謹教學循環（SEAMS）],1,3,NA,3,3,3
領導發展,Q29,我理解以下 KIST 教學特色 [卓越教學架構],1,3,NA,3,3,3
領導發展,Q30,我理解以下 KIST 教學特色 [社交與情緒學習 SEL],1,3,NA,3,3,3
領導發展,Q31,我理解以下 KIST 教學特色 [品格鍛鍊],1,3,NA,3,3,3
領導發展,Q32,我理解以下 KIST 教學特色 [個人化學習],1,3,NA,3,3,3
領導發展,Q33,我理解以下 KIST 教學特色 [文化相關教育學 CRP],1,3,NA,3,3,3
領導發展,Q34,我理解以下 KIST 教學特色 [專題與探究學習 PBL],1,3,NA,3,3,3
領導發展,Q35,我理解以下 KIST 教學特色 [永續發展目標 SDGs],1,3,NA,3,3,3
領導發展,Q36,在我的工作場域，我們的語言與行動都有清楚回應 聯盟 的願景與發展目標,1,4,NA,4,4,4
領導發展,Q37,在我的工作場域，我們會為聯盟的願景與目標全力以赴,1,4,NA,4,4,4
領導發展,Q38,KIST 聯盟中有我視為導師的人,1,4,NA,4,4,4
領導發展,Q39,我對身為 KIST 聯盟的一員感到驕傲,1,4,NA,4,4,4
領導發展,Q40,我會向合適的人才推薦 KIST 聯盟,1,4,NA,4,4,4
領導發展,Q41,整體而言，我對於與 KIST 聯盟協作感到滿意,1,4,NA,4,4,4
領導發展,Q46,我認同 組織 的使命願景：關懷弱勢，科學救國,1,4,NA,4,4,4
領導發展,Q47,在我的工作場域，我們的語言與行動都有清楚回應 組織 的願景與發展目標,1,4,NA,4,4,4
領導發展,Q48,我瞭解組織的相關動態（例如：重要活動日期、重大消息...等）,1,4,NA,4,4,4
領導發展,Q49,我清楚我的工作目標，以及組織對我工作成果的期望,1,4,NA,4,4,4
領導發展,Q50,我理解我的工作與組織目標的關聯性,1,4,NA,4,4,4
領導發展,Q51,我擁有做好我工作所需要的資源（包含：資料、資訊、設備...),1,4,NA,4,4,4
領導發展,Q52,在工作中，我有足夠的學習機會或資源，提升我工作所需的知識與技能,1,4,NA,4,4,4
領導發展,Q53,組織目前的協作方式或政策，能有效促進溝通效率和合作品質,1,4,NA,4,4,4
領導發展,Q54,當我在組織與不同夥伴或組別合作時，過程是順暢的,1,4,NA,4,4,4
領導發展,Q55,在工作中，我覺得我的意見受到重視,1,4,NA,4,4,4
領導發展,Q56,工作遇到問題時，我知道如何從內部尋求諮詢與取得資源協助,1,4,NA,4,4,4
領導發展,Q57,我能在工作中建立有意義的人際關係,1,4,NA,4,4,4
領導發展,Q58,針對我的工作表現，我可以收到實用且及時的回饋,1,4,NA,4,4,4
領導發展,Q59,我的工作表現出色時，會收到正面肯定與回饋,1,4,NA,4,4,4
領導發展,Q60,組織中有關心我身心狀態與幸福感的人,1,4,NA,4,4,4
領導發展,Q61,對於與我個人或我工作攸關的決策中，我有機會理解決策的原委,1,4,NA,4,4,4
領導發展,Q62,我對組織的領導團隊有信心,1,4,NA,4,4,4
領導發展,Q63,我可以安心地和領導團隊溝通我的建議和想法（用愛心說真話）,1,4,NA,4,4,4
領導發展,Q64,組織夥伴會為組織的願景與目標全力以赴,1,4,NA,4,4,4
領導發展,Q65,當環境或工作進展出現超出預期的變化時，我們能夠快速做出有效的回應，包含決策和行動的調整,1,4,NA,4,4,4
領導發展,Q66,我們在決策與執行的過程中，能充分納入內外部利害關係人的觀點,1,4,NA,4,4,4
領導發展,Q67,就算不一定會成功，我們仍被鼓勵持續突破與創新,1,4,NA,4,4,4
領導發展,Q68,在嘗試後如果結果不如預期，我們很可能會受到責難或處罰,1,1,NA,1,1,1
領導發展,Q69,我們總是可以從失敗的經驗中學習,1,4,NA,4,4,4
領導發展,Q74,誠致 所提供的 [培育與激勵] 資源，對我職場體驗的幫助程度是： [個人發展藍圖（職涯發展藍圖）],1,3,NA,3,3,3
領導發展,Q75,誠致 所提供的 [培育與激勵] 資源，對我職場體驗的幫助程度是： [IDP & O3],0,NA,NA,NA,Inf,-Inf
領導發展,Q76,誠致 所提供的 [培育與激勵] 資源，對我職場體驗的幫助程度是： [增能課程],1,3,NA,3,3,3
領導發展,Q77,誠致 所提供的 [培育與激勵] 資源，對我職場體驗的幫助程度是： [小後台圍圈],1,3,NA,3,3,3
領導發展,Q78,誠致 所提供的 [培育與激勵] 資源，對我職場體驗的幫助程度是： [相揪 KI 運動],1,3,NA,3,3,3
領導發展,Q79,誠致 所提供的 [培育與激勵] 資源，對我職場體驗的幫助程度是： [動滋券],0,NA,NA,NA,Inf,-Inf
領導發展,Q80,誠致 所提供的 [培育與激勵] 資源，對我職場體驗的幫助程度是： [專業成長券],0,NA,NA,NA,Inf,-Inf
領導發展,Q81,誠致 所提供的 [培育與激勵] 資源，對我職場體驗的幫助程度是： [健康檢查],0,NA,NA,NA,Inf,-Inf
領導發展,Q82,誠致 所提供的 [培育與激勵] 資源，對我職場體驗的幫助程度是： [諮商補助],0,NA,NA,NA,Inf,-Inf
領導發展,Q84,我覺得我的工作是有意義的,1,4,NA,4,4,4
領導發展,Q85,我覺得我在工作中持續成長,1,4,NA,4,4,4
領導發展,Q86,我覺得在目前工作上，成長最多的能力是？ [問題解決],1,4,NA,4,4,4
領導發展,Q87,我覺得在目前工作上，成長最多的能力是？ [分析與策略思維],1,4,NA,4,4,4
領導發展,Q88,我覺得在目前工作上，成長最多的能力是？ [專案與資源管理],1,4,NA,4,4,4
領導發展,Q89,我覺得在目前工作上，成長最多的能力是？ [自我覺察與自我成長],1,4,NA,4,4,4
領導發展,Q90,我覺得在目前工作上，成長最多的能力是？ [發展與輔導他人],1,4,NA,4,4,4
領導發展,Q91,我覺得在目前工作上，成長最多的能力是？ [溝通／引導],1,3,NA,3,3,3
領導發展,Q92,我覺得在目前工作上，成長最多的能力是？ [會議管理],1,3,NA,3,3,3
領導發展,Q93,我覺得在目前工作上，成長最多的能力是？ [數據分析],1,2,NA,2,2,2
領導發展,Q94,我覺得在目前工作上，成長最多的能力是？ [體驗設計],1,2,NA,2,2,2
領導發展,Q96,組織內有我視為導師的人,1,4,NA,4,4,4
領導發展,Q97,目前的職涯發展機會對我有吸引力,1,3,NA,3,3,3
領導發展,Q98,目前的薪資福利，能鼓勵我發揮最佳表現,1,3,NA,3,3,3
領導發展,Q99,我希望自己未來能成為 誠致 領導人（例如：組長、經理、總監）,1,3,NA,3,3,3
領導發展,Q100,我預計會在 誠致 持續任職,1,0,NA,0,0,0
領導發展,Q101,如果有機會，我會考慮到 KIST 學校 服務,1,1,NA,1,1,1
領導發展,Q103,我對身為 誠致 的一員感到驕傲,1,4,NA,4,4,4
領導發展,Q104,整體而言，我對於在 誠致 工作的滿意度是：,1,9,NA,9,9,9
領導發展,Q106,我會向合適的人才推薦 誠致,1,4,NA,4,4,4
